real_time,count
0.76,1
0.77,24
0.78,36
0.79,28
0.8,7
0.81,1
0.8200000000000001,2
0.8300000000000001,0
0.84,1
