rows,min,max,mean,count,stddev
1000000000,2089728,2090112,2090005.76,100,113.12622366396198
1000000,70912,71040,71019.52,100,46.92557511299855
1000,2816,2944,2900.48,100,60.63472272552236
